{
    "loss": 13.65792179107666,
    "accuracy": 0.5686274766921997
}