{
    "loss": 4.653416156768799,
    "accuracy": 0.4313725531101227
}